sample,idx,ticket_id,predicted_at_audit,rules_version,judged,true_theme
1,0,TK-241591,refund_not_received,rules v1,True,refund_not_received
1,1,TK-247318,refund_not_received,rules v1,True,refund_not_received
1,2,TK-246787,connection_drops,rules v1,True,connection_drops
1,3,TK-245138,unclassified,rules v1,True,payment_issue
1,4,TK-241581,delivery_delayed,rules v1,True,damaged_in_transit
1,5,TK-245271,hardware_defect,rules v1,True,damaged_in_transit
1,6,TK-240172,pairing_failure,rules v1,True,pairing_failure
1,7,TK-251850,damaged_in_transit,rules v1,True,damaged_in_transit
1,8,TK-244407,delivery_delayed,rules v1,True,delivery_delayed
1,9,TK-245212,unclassified,rules v1,True,order_not_received
1,10,TK-249666,charging_case,rules v1,True,charging_case
1,11,TK-249910,coupon_discount,rules v1,True,coupon_discount
1,12,TK-251416,login_otp,rules v1,True,login_otp
1,13,TK-245923,order_not_received,rules v1,True,order_not_received
1,14,TK-248830,repair_warranty,rules v1,True,repair_warranty
1,15,TK-241848,unclassified,rules v1,True,pairing_failure
1,16,TK-246662,battery_drain,rules v1,True,battery_drain
1,17,TK-254000,device_dead,rules v1,True,charging_case
1,18,TK-252491,app_crash,rules v1,True,app_crash
1,19,TK-246697,hardware_defect,rules v1,True,hardware_defect
1,20,TK-244791,device_dead,rules v1,True,charging_case
1,21,TK-241109,coupon_discount,rules v1,True,coupon_discount
1,22,TK-244496,delivery_delayed,rules v1,True,damaged_in_transit
1,23,TK-248670,charging_case,rules v1,True,charging_case
1,24,TK-241428,mic_issue,rules v1,True,mic_issue
1,25,TK-252322,return_pickup,rules v1,True,return_pickup
1,26,TK-246833,mic_issue,rules v1,True,mic_issue
1,27,TK-243848,audio_one_side,rules v1,True,audio_one_side
1,28,TK-250227,app_crash,rules v1,True,app_crash
1,29,TK-249865,firmware_update,rules v1,True,firmware_update
1,30,TK-254424,login_otp,rules v1,True,login_otp
1,31,TK-253865,repair_warranty,rules v1,True,repair_warranty
1,32,TK-240447,return_pickup,rules v1,True,return_pickup
1,33,TK-243161,device_dead,rules v1,True,hardware_defect
1,34,TK-249845,order_not_received,rules v1,True,order_not_received
1,35,TK-247503,device_dead,rules v1,True,charging_case
1,36,TK-241404,order_not_received,rules v1,True,login_otp
1,37,TK-254263,pairing_failure,rules v1,True,pairing_failure
1,38,TK-254355,damaged_in_transit,rules v1,True,damaged_in_transit
1,39,TK-241073,invoice_gst,rules v1,True,invoice_gst
1,40,TK-254111,presales_compat,rules v1,True,presales_compat
1,41,TK-241738,damaged_in_transit,rules v1,True,damaged_in_transit
1,42,TK-246870,refund_not_received,rules v1,True,refund_not_received
1,43,TK-246545,hardware_defect,rules v1,True,damaged_in_transit
1,44,TK-254695,presales_compat,rules v1,True,presales_compat
1,45,TK-249048,repair_warranty,rules v1,True,repair_warranty
1,46,TK-243111,invoice_gst,rules v1,True,invoice_gst
1,47,TK-253541,return_pickup,rules v1,True,return_pickup
1,48,TK-249760,audio_one_side,rules v1,True,audio_one_side
1,49,TK-250414,charging_case,rules v1,True,order_not_received
1,50,TK-254889,charging_case,rules v1,True,charging_case
1,51,TK-243893,payment_issue,rules v1,True,payment_issue
1,52,TK-249594,connection_drops,rules v1,True,connection_drops
1,53,TK-251976,battery_drain,rules v1,True,battery_drain
1,54,TK-252365,wrong_item_address,rules v1,True,wrong_item_address
1,55,TK-251526,cancellation,rules v1,True,cancellation
1,56,TK-241007,connection_drops,rules v1,True,connection_drops
1,57,TK-250240,bud_not_charging,rules v1,True,bud_not_charging
1,58,TK-249266,connection_drops,rules v1,True,connection_drops
1,59,TK-250229,wrong_item_address,rules v1,True,wrong_item_address
1,60,TK-243992,payment_issue,rules v1,False,payment_issue
1,61,TK-241746,pairing_failure,rules v1,True,pairing_failure
1,62,TK-250212,coupon_discount,rules v1,True,coupon_discount
1,63,TK-243159,hardware_defect,rules v1,True,damaged_in_transit
1,64,TK-242667,repair_warranty,rules v1,True,repair_warranty
1,65,TK-253137,payment_issue,rules v1,True,payment_issue
1,66,TK-248637,return_pickup,rules v1,True,return_pickup
1,67,TK-247361,unclassified,rules v1,False,unclassified
1,68,TK-253265,battery_drain,rules v1,True,bud_not_charging
1,69,TK-240590,coupon_discount,rules v1,True,coupon_discount
1,70,TK-246825,delivery_delayed,rules v1,True,damaged_in_transit
1,71,TK-254690,cancellation,rules v1,True,cancellation
1,72,TK-251652,coupon_discount,rules v1,True,coupon_discount
1,73,TK-254219,bud_not_charging,rules v1,True,bud_not_charging
1,74,TK-245529,presales_compat,rules v1,True,presales_compat
1,75,TK-250131,mic_issue,rules v1,True,mic_issue
1,76,TK-247903,pairing_failure,rules v1,True,pairing_failure
1,77,TK-245165,damaged_in_transit,rules v1,True,damaged_in_transit
1,78,TK-252562,bud_not_charging,rules v1,True,bud_not_charging
1,79,TK-250006,invoice_gst,rules v1,True,invoice_gst
1,80,TK-240504,app_crash,rules v1,True,app_crash
1,81,TK-241291,return_pickup,rules v1,True,return_pickup
1,82,TK-253268,charging_case,rules v1,True,charging_case
1,83,TK-250931,wrong_item_address,rules v1,True,wrong_item_address
1,84,TK-244330,damaged_in_transit,rules v1,True,damaged_in_transit
1,85,TK-248009,payment_issue,rules v1,True,payment_issue
1,86,TK-251051,audio_noise,rules v1,True,audio_noise
1,87,TK-244567,mic_issue,rules v1,True,mic_issue
1,88,TK-241603,firmware_update,rules v1,True,firmware_update
1,89,TK-250996,app_crash,rules v1,True,app_crash
1,90,TK-246028,unclassified,rules v1,True,battery_drain
1,91,TK-251904,device_dead,rules v1,True,hardware_defect
1,92,TK-251968,bud_not_charging,rules v1,True,bud_not_charging
1,93,TK-253283,firmware_update,rules v1,True,firmware_update
1,94,TK-242857,firmware_update,rules v1,True,firmware_update
1,95,TK-248074,audio_noise,rules v1,True,audio_noise
1,96,TK-244328,wrong_item_address,rules v1,False,wrong_item_address
1,97,TK-241243,audio_one_side,rules v1,True,audio_one_side
1,98,TK-248288,order_not_received,rules v1,True,return_pickup
1,99,TK-251151,payment_issue,rules v1,True,payment_issue
1,100,TK-253992,pairing_failure,rules v1,True,pairing_failure
1,101,TK-253716,presales_compat,rules v1,True,presales_compat
1,102,TK-249115,order_not_received,rules v1,True,order_not_received
1,103,TK-241254,hardware_defect,rules v1,True,damaged_in_transit
1,104,TK-241578,repair_warranty,rules v1,True,repair_warranty
1,105,TK-254044,audio_one_side,rules v1,True,bud_not_charging
1,106,TK-250118,cancellation,rules v1,True,cancellation
1,107,TK-253468,cancellation,rules v1,True,cancellation
1,108,TK-252402,refund_not_received,rules v1,False,refund_not_received
1,109,TK-254318,audio_one_side,rules v1,True,audio_noise
1,110,TK-244373,mic_issue,rules v1,True,mic_issue
1,111,TK-249811,battery_drain,rules v1,True,battery_drain
1,112,TK-241913,presales_compat,rules v1,True,presales_compat
1,113,TK-254876,bud_not_charging,rules v1,True,bud_not_charging
1,114,TK-250260,delivery_delayed,rules v1,True,delivery_delayed
1,115,TK-244588,cancellation,rules v1,True,cancellation
1,116,TK-252534,audio_noise,rules v1,True,audio_noise
1,117,TK-253358,refund_not_received,rules v1,True,refund_not_received
1,118,TK-252129,invoice_gst,rules v1,True,invoice_gst
1,119,TK-240180,login_otp,rules v1,True,login_otp
1,120,TK-250551,app_crash,rules v1,True,app_crash
1,121,TK-251521,battery_drain,rules v1,True,battery_drain
1,122,TK-247997,firmware_update,rules v1,True,firmware_update
1,123,TK-246614,login_otp,rules v1,True,login_otp
1,124,TK-248349,audio_noise,rules v1,True,audio_noise
1,125,TK-250690,login_otp,rules v1,True,login_otp
1,126,TK-246122,audio_noise,rules v1,True,audio_noise
1,127,TK-242201,wrong_item_address,rules v1,True,wrong_item_address
1,128,TK-254415,invoice_gst,rules v1,True,invoice_gst
1,129,TK-244930,connection_drops,rules v1,True,connection_drops
2,0,TK-244197,login_otp,rules v2,True,login_otp
2,1,TK-251928,pairing_failure,rules v2,True,pairing_failure
2,2,TK-253802,battery_drain,rules v2,True,battery_drain
2,3,TK-244220,damaged_in_transit,rules v2,True,damaged_in_transit
2,4,TK-250042,pairing_failure,rules v2,True,pairing_failure
2,5,TK-249551,refund_not_received,rules v2,True,refund_not_received
2,6,TK-246796,mic_issue,rules v2,True,mic_issue
2,7,TK-248136,refund_not_received,rules v2,True,refund_not_received
2,8,TK-245230,charging_case,rules v2,True,charging_case
2,9,TK-243440,order_not_received,rules v2,True,cancellation
2,10,TK-253048,pairing_failure,rules v2,True,pairing_failure
2,11,TK-242141,payment_issue,rules v2,True,payment_issue
2,12,TK-242447,presales_compat,rules v2,True,presales_compat
2,13,TK-253357,damaged_in_transit,rules v2,True,damaged_in_transit
2,14,TK-248898,audio_noise,rules v2,True,audio_noise
2,15,TK-244314,order_not_received,rules v2,True,order_not_received
2,16,TK-240745,refund_not_received,rules v2,True,refund_not_received
2,17,TK-251352,return_pickup,rules v2,True,return_pickup
2,18,TK-244681,connection_drops,rules v2,True,connection_drops
2,19,TK-249695,refund_not_received,rules v2,True,refund_not_received
2,20,TK-240348,invoice_gst,rules v2,True,invoice_gst
2,21,TK-247734,firmware_update,rules v2,True,firmware_update
2,22,TK-244830,payment_issue,rules v2,True,payment_issue
2,23,TK-240467,order_not_received,rules v2,True,refund_not_received
2,24,TK-243937,login_otp,rules v2,True,login_otp
2,25,TK-247004,audio_one_side,rules v2,True,audio_one_side
2,26,TK-247601,mic_issue,rules v2,True,mic_issue
2,27,TK-248689,login_otp,rules v2,True,login_otp
2,28,TK-250262,refund_not_received,rules v2,True,refund_not_received
2,29,TK-247424,repair_warranty,rules v2,True,repair_warranty
2,30,TK-252390,presales_compat,rules v2,True,presales_compat
2,31,TK-250140,payment_issue,rules v2,True,order_not_received
2,32,TK-243000,app_crash,rules v2,True,app_crash
2,33,TK-254379,presales_compat,rules v2,True,presales_compat
2,34,TK-244232,login_otp,rules v2,True,login_otp
2,35,TK-241808,order_not_received,rules v2,True,order_not_received
2,36,TK-248211,refund_not_received,rules v2,True,payment_issue
2,37,TK-249396,invoice_gst,rules v2,True,invoice_gst
2,38,TK-244302,return_pickup,rules v2,True,return_pickup
2,39,TK-251014,damaged_in_transit,rules v2,True,damaged_in_transit
2,40,TK-242503,order_not_received,rules v2,True,order_not_received
2,41,TK-247438,battery_drain,rules v2,True,battery_drain
2,42,TK-244097,app_crash,rules v2,True,app_crash
2,43,TK-244086,app_crash,rules v2,True,app_crash
2,44,TK-241900,order_not_received,rules v2,True,return_pickup
2,45,TK-244718,hardware_defect,rules v2,True,hardware_defect
2,46,TK-249133,audio_one_side,rules v2,True,audio_one_side
2,47,TK-246357,order_not_received,rules v2,True,order_not_received
2,48,TK-252529,order_not_received,rules v2,True,order_not_received
2,49,TK-243004,connection_drops,rules v2,True,connection_drops
2,50,TK-249957,connection_drops,rules v2,True,connection_drops
2,51,TK-251266,login_otp,rules v2,True,login_otp
2,52,TK-250167,wrong_item_address,rules v2,True,wrong_item_address
2,53,TK-253287,hardware_defect,rules v2,True,hardware_defect
2,54,TK-253059,app_crash,rules v2,True,app_crash
2,55,TK-251739,return_pickup,rules v2,True,refund_not_received
2,56,TK-247696,battery_drain,rules v2,True,battery_drain
2,57,TK-241969,refund_not_received,rules v2,True,payment_issue
2,58,TK-247478,pairing_failure,rules v2,True,pairing_failure
2,59,TK-242118,presales_compat,rules v2,True,presales_compat
2,60,TK-254213,login_otp,rules v2,True,login_otp
2,61,TK-243269,app_crash,rules v2,True,app_crash
2,62,TK-240736,payment_issue,rules v2,True,payment_issue
2,63,TK-240436,wrong_item_address,rules v2,True,cancellation
2,64,TK-247746,payment_issue,rules v2,True,payment_issue
2,65,TK-240181,mic_issue,rules v2,True,mic_issue
2,66,TK-246848,cancellation,rules v2,True,cancellation
2,67,TK-249335,battery_drain,rules v2,True,battery_drain
2,68,TK-244013,invoice_gst,rules v2,True,invoice_gst
2,69,TK-247474,audio_one_side,rules v2,True,audio_one_side
2,70,TK-241811,pairing_failure,rules v2,True,pairing_failure
2,71,TK-250888,order_not_received,rules v2,True,order_not_received
2,72,TK-245994,refund_not_received,rules v2,True,refund_not_received
2,73,TK-245566,presales_compat,rules v2,True,presales_compat
2,74,TK-244350,battery_drain,rules v2,True,battery_drain
2,75,TK-242534,order_not_received,rules v2,True,order_not_received
2,76,TK-242576,return_pickup,rules v2,True,refund_not_received
2,77,TK-245775,payment_issue,rules v2,True,order_not_received
2,78,TK-250137,refund_not_received,rules v2,True,refund_not_received
2,79,TK-242255,presales_compat,rules v2,True,presales_compat
2,80,TK-245737,login_otp,rules v2,True,invoice_gst
2,81,TK-242409,refund_not_received,rules v2,True,refund_not_received
2,82,TK-252055,firmware_update,rules v2,True,firmware_update
2,83,TK-246479,login_otp,rules v2,True,login_otp
2,84,TK-247334,return_pickup,rules v2,True,return_pickup
2,85,TK-244242,pairing_failure,rules v2,True,pairing_failure
2,86,TK-246812,order_not_received,rules v2,True,order_not_received
2,87,TK-252539,order_not_received,rules v2,True,order_not_received
2,88,TK-242336,delivery_delayed,rules v2,True,delivery_delayed
2,89,TK-240190,presales_compat,rules v2,True,presales_compat
2,90,TK-252191,refund_not_received,rules v2,True,refund_not_received
2,91,TK-248426,pairing_failure,rules v2,True,pairing_failure
2,92,TK-251509,wrong_item_address,rules v2,True,wrong_item_address
2,93,TK-240120,presales_compat,rules v2,True,presales_compat
2,94,TK-245757,battery_drain,rules v2,True,battery_drain
2,95,TK-243436,audio_one_side,rules v2,True,audio_one_side
2,96,TK-247037,damaged_in_transit,rules v2,True,damaged_in_transit
2,97,TK-245214,mic_issue,rules v2,True,mic_issue
2,98,TK-248308,battery_drain,rules v2,True,battery_drain
2,99,TK-252520,payment_issue,rules v2,True,payment_issue
3,0,TK-242154,order_not_received,rules v3,True,order_not_received
3,1,TK-251453,coupon_discount,rules v3,True,coupon_discount
3,2,TK-248861,return_pickup,rules v3,True,return_pickup
3,3,TK-251876,order_not_received,rules v3,True,order_not_received
3,4,TK-252692,refund_not_received,rules v3,True,refund_not_received
3,5,TK-249190,pairing_failure,rules v3,True,pairing_failure
3,6,TK-246774,pairing_failure,rules v3,True,payment_issue
3,7,TK-240574,presales_compat,rules v3,True,presales_compat
3,8,TK-244614,hardware_defect,rules v3,True,hardware_defect
3,9,TK-253227,invoice_gst,rules v3,True,invoice_gst
3,10,TK-253115,mic_issue,rules v3,True,mic_issue
3,11,TK-244554,invoice_gst,rules v3,True,invoice_gst
3,12,TK-251412,refund_not_received,rules v3,True,coupon_discount
3,13,TK-250419,audio_one_side,rules v3,True,audio_one_side
3,14,TK-240309,unclassified,rules v3,True,payment_issue
3,15,TK-248540,connection_drops,rules v3,True,connection_drops
3,16,TK-245140,order_not_received,rules v3,True,order_not_received
3,17,TK-252235,refund_not_received,rules v3,True,refund_not_received
3,18,TK-244921,pairing_failure,rules v3,True,payment_issue
3,19,TK-252112,return_pickup,rules v3,True,return_pickup
3,20,TK-243263,return_pickup,rules v3,True,return_pickup
3,21,TK-241375,refund_not_received,rules v3,True,refund_not_received
3,22,TK-243797,app_crash,rules v3,True,app_crash
3,23,TK-249351,refund_not_received,rules v3,True,refund_not_received
3,24,TK-250237,order_not_received,rules v3,True,order_not_received
3,25,TK-247035,presales_compat,rules v3,True,presales_compat
3,26,TK-247270,invoice_gst,rules v3,True,coupon_discount
3,27,TK-240146,order_not_received,rules v3,True,order_not_received
3,28,TK-254370,login_otp,rules v3,True,login_otp
3,29,TK-243074,order_not_received,rules v3,True,order_not_received
3,30,TK-250882,presales_compat,rules v3,True,presales_compat
3,31,TK-251825,refund_not_received,rules v3,True,refund_not_received
3,32,TK-253599,wrong_item_address,rules v3,True,wrong_item_address
3,33,TK-249966,payment_issue,rules v3,True,payment_issue
3,34,TK-248912,damaged_in_transit,rules v3,True,damaged_in_transit
3,35,TK-242444,mic_issue,rules v3,True,mic_issue
3,36,TK-246293,login_otp,rules v3,True,login_otp
3,37,TK-250475,battery_drain,rules v3,True,battery_drain
3,38,TK-245550,repair_warranty,rules v3,True,repair_warranty
3,39,TK-245965,order_not_received,rules v3,True,order_not_received
3,40,TK-252467,battery_drain,rules v3,True,battery_drain
3,41,TK-242057,order_not_received,rules v3,True,order_not_received
3,42,TK-251504,refund_not_received,rules v3,True,refund_not_received
3,43,TK-246660,coupon_discount,rules v3,True,coupon_discount
3,44,TK-243856,payment_issue,rules v3,True,payment_issue
3,45,TK-243082,firmware_update,rules v3,True,hardware_defect
3,46,TK-250159,hardware_defect,rules v3,True,hardware_defect
3,47,TK-248245,cancellation,rules v3,True,cancellation
3,48,TK-244103,invoice_gst,rules v3,True,invoice_gst
3,49,TK-241772,battery_drain,rules v3,True,battery_drain
3,50,TK-246037,order_not_received,rules v3,True,order_not_received
3,51,TK-248754,order_not_received,rules v3,True,order_not_received
3,52,TK-250071,refund_not_received,rules v3,True,refund_not_received
3,53,TK-243405,order_not_received,rules v3,True,order_not_received
3,54,TK-247740,wrong_item_address,rules v3,True,wrong_item_address
3,55,TK-254383,firmware_update,rules v3,True,firmware_update
3,56,TK-252259,coupon_discount,rules v3,True,coupon_discount
3,57,TK-240766,order_not_received,rules v3,True,order_not_received
3,58,TK-247064,presales_compat,rules v3,True,presales_compat
3,59,TK-243072,wrong_item_address,rules v3,True,wrong_item_address
3,60,TK-251708,pairing_failure,rules v3,True,pairing_failure
3,61,TK-244111,battery_drain,rules v3,True,battery_drain
3,62,TK-247012,battery_drain,rules v3,True,battery_drain
3,63,TK-242288,pairing_failure,rules v3,True,pairing_failure
3,64,TK-252495,pairing_failure,rules v3,True,pairing_failure
3,65,TK-240575,audio_one_side,rules v3,True,audio_one_side
3,66,TK-243277,wrong_item_address,rules v3,False,wrong_item_address
3,67,TK-248692,charging_case,rules v3,True,charging_case
3,68,TK-249199,charging_case,rules v3,True,charging_case
3,69,TK-249016,presales_compat,rules v3,True,presales_compat
3,70,TK-251943,order_not_received,rules v3,True,order_not_received
3,71,TK-250449,wrong_item_address,rules v3,True,wrong_item_address
3,72,TK-250945,refund_not_received,rules v3,True,connection_drops
3,73,TK-241279,audio_one_side,rules v3,True,bud_not_charging
3,74,TK-242425,mic_issue,rules v3,True,mic_issue
3,75,TK-242930,payment_issue,rules v3,True,payment_issue
3,76,TK-248820,wrong_item_address,rules v3,True,wrong_item_address
3,77,TK-241705,battery_drain,rules v3,True,battery_drain
3,78,TK-253937,order_not_received,rules v3,True,order_not_received
3,79,TK-243095,payment_issue,rules v3,True,payment_issue
